epoch,acc,auc,learning_rate,loss,precision,recall,val_acc,val_auc,val_loss,val_precision,val_recall
0,0.5203402638435364,0.5589568018913269,0.00019999999494757503,0.541015088558197,0.5118784308433533,0.8765265941619873,0.5,0.5482692718505859,4.133856773376465,0.5,1.0
1,0.521645724773407,0.6023979187011719,0.00019999999494757503,0.4071061611175537,0.5118204355239868,0.9372525811195374,0.5393750071525574,0.6838183403015137,0.19692037999629974,0.520814061164856,0.9852499961853027
2,0.5230775475502014,0.628994345664978,0.00019999999494757503,0.37707778811454773,0.5123623609542847,0.9564558267593384,0.5184999704360962,0.6535115838050842,0.4373682737350464,0.5094871520996094,0.9934999942779541
3,0.5244672894477844,0.6392881274223328,0.00019999999494757503,0.3597961962223053,0.5129323601722717,0.9704371094703674,0.5214999914169312,0.6888943910598755,0.3046691417694092,0.5110511183738708,0.9942499995231628
4,0.5338162183761597,0.665543258190155,9.999999747378752e-05,0.33854740858078003,0.5179025530815125,0.9782700538635254,0.5366250276565552,0.6769133806228638,0.26494717597961426,0.5194014310836792,0.9804999828338623
