epoch,acc,auc,learning_rate,loss,precision,recall,val_acc,val_auc,val_loss,val_precision,val_recall
0,0.510538637638092,0.5539265275001526,0.00019999999494757503,2.158750057220459,0.5055350661277771,0.9625293016433716,0.5,0.6144290566444397,0.936959445476532,0.0,0.0
1,0.5058547854423523,0.5714354515075684,0.00019999999494757503,1.458453893661499,0.5029761791229248,0.989461362361908,0.5333333611488342,0.6359925866127014,0.4239684045314789,0.5175600647926331,0.9824561476707458
2,0.5058547854423523,0.6125410199165344,0.00019999999494757503,1.265334963798523,0.5029516220092773,0.9976580739021301,0.5,0.660781741142273,1.0051153898239136,0.5,1.0
3,0.5117096304893494,0.6483300924301147,0.00019999999494757503,1.142809271812439,0.5059453248977661,0.9964871406555176,0.5,0.6304154992103577,0.9986178278923035,0.5,1.0
4,0.5251756310462952,0.727390468120575,9.999999747378752e-05,0.9418163895606995,0.5129284262657166,0.9988290667533875,0.5,0.6551246047019958,0.9518175721168518,0.5,1.0
