{"best_f1": 0.7050359712230216, "best_threshold": 0.7000000000000001, "train_samples": 4032, "val_samples": 1362, "val_pos_ratio": 0.5}
